,GENuS_name,FAO_name,Calories,Protein,Fat,Carbohydrates,Vitamin C,Vitamin A,Folate,Calcium,Iron,Zinc,Potassium,Dietary Fiber,Copper,Sodium,Phosphorus,Thiamin,Riboflavin,Niacin,B6,Choline,Magnesium,Manganese,Saturated FA,Monounsaturated FA,Polyunsaturated FA,Omega-3 (USDA only),B12 (USDA only),Water/moisture,Ash,Refuse
0,Vegetables; fresh; nes,"Vegetables, fresh nes",34.35799188640974,2.9711006123184585,0.6066712830344827,5.8388749090142,36.2688504394929,190.8480110435152,11.352941176470589,177.91441244077077,3.2106933889614604,0.1840198625760649,115.44091182819473,2.3784922244766733,0.03394523326572008,18.303042596348885,58.51720757269777,0.06162677486206897,0.1363777889918864,0.5777576064969574,0.030995943204868155,1.285395537525355,9.699797160243408,0.08895943204868154,0.006809330628803245,0.0065091277890466535,0.012973630831643003,0.0,0.0,80.82090432878296,0.9138428536166329,3.1480730223123734
1,Fruit; tropical fresh; nes,"Fruit, tropical fresh nes",54.09090909090909,1.4005640437967914,1.099738986524064,11.992433155101605,91.32780748663102,25.08288770066845,1.0748663101604279,30.117290552566846,1.5711675579304814,0.07411764705882352,72.52032085561498,1.1192513368983956,0.01720855614973262,2.9368449197860964,28.637673796791447,0.21351693404812833,0.2250748663101604,0.7468805704491979,0.015561497326203209,0.2117647058823529,4.5133689839572195,0.01647058823529412,0.07171657754010695,0.14098930481283423,0.03223529411764706,0.0,0.0,73.38926916219252,0.5273262032085563,9.283422459893048
2,Beans,"Beans, dry",130.38482014388487,20.679424460431655,1.3334161886115108,22.95,1.0179856115107915,2.728537170309352,50.0,112.73875305791368,6.242783447151079,1.0925406722446043,328.0719424460432,3.3014388489208635,0.14432150776258995,5.056834532374101,306.06504011870504,0.3478124922877698,0.16674772516546763,1.4954028776978416,0.044626393784172665,7.942446043165468,24.876517411510793,0.1686546762589928,0.060043165467625885,0.026661870503597123,0.09237410071942447,0.0,0.0,11.639424460431654,3.1884172661870505,0.0
3,Fresh fruit; nes,"Fruit, fresh nes",46.39340206185567,1.4800649457113404,0.7224398625463917,9.934414836917528,32.56958762886598,25.53154639168041,1.3918718003092785,51.430351860927836,3.3843298969072166,0.06463917525773197,114.8752628628866,1.1814432989690722,0.03138144329896908,4.373298969072166,35.36904159185566,0.044371133989690725,0.04065979382474227,0.6908659793814435,0.011052214237113401,2.879381443298969,8.225058103505154,0.017278350515463916,0.012618556701030927,0.007824742268041238,0.01081443298969072,0.0,0.0,74.13487969360826,0.7519635477938145,3.443298969072165
4,Cabbages and other brassicas,Cabbages and other brassicas,13.718723404255318,1.763776595744681,0.2302127659574468,2.2379255319148936,42.40531914893617,174.07047872340425,6.653071774468086,88.77553191489362,1.2520212765957446,0.1306382978723404,75.94680851063829,0.6808510638297872,0.024707446808510634,17.56276595744681,37.50159574468085,0.04121985815957448,0.06889007092553193,0.3544929078191489,0.01725531914893617,2.3606382978723404,3.117021276595745,0.02696808510638298,0.004744680851063829,0.002478723404255319,0.012148936170212765,0.0,0.0,73.44808510638298,0.6119148936170212,2.9361702127659575
5,Chillies and peppers; green,"Chillies and peppers, green",17.418194444444442,1.5331944444444447,0.5537962962916666,3.070162037041667,89.69305555555555,105.63512731481944,5.319444444444445,21.5,1.264097222222222,0.13425925926388887,105.72222222222223,1.1162037037083334,0.034506944444444444,3.0541666666666667,73.57870370375001,0.09480555555555556,0.09336111111111112,0.8244583333333333,0.059125,0.8972222222222221,6.513888888888889,0.03281944444444444,0.011583333333333334,0.0047083333333333335,0.048152777777777774,0.0,0.0,76.00921296291666,0.638263888888889,2.0694444444444446
6,Chillies and peppers; green,"Chillies and peppers, dry",17.418194444444442,1.5331944444444447,0.5537962962916666,3.070162037041667,89.69305555555555,105.63512731481944,5.319444444444445,21.5,1.264097222222222,0.13425925926388887,105.72222222222223,1.1162037037083334,0.034506944444444444,3.0541666666666667,73.57870370375001,0.09480555555555556,0.09336111111111112,0.8244583333333333,0.059125,0.8972222222222221,6.513888888888889,0.03281944444444444,0.011583333333333334,0.0047083333333333335,0.048152777777777774,0.0,0.0,76.00921296291666,0.638263888888889,2.0694444444444446
7,Pumpkins; squash; and gourds,"Pumpkins, squash and gourds",12.906176470588235,0.8970588235294118,0.15161764705882352,2.415392156867647,12.641176470588235,145.59431372499998,2.411764705882353,22.95063725485294,0.7769117645882353,0.09955882352941177,66.72058823529412,0.6259803921617647,0.025529411764705884,3.9279411764705885,39.13235294117647,0.02835294117647059,0.050647058823529406,0.4373088235294118,0.00786764705882353,2.3661764705882353,4.25,0.00798529411764706,0.00725,0.00175,0.0035294117647058825,0.0,0.0,83.60906862750002,0.3639705882352941,1.2794117647058822
8,Lettuce and chicory,Lettuce and chicory,6.798852459016394,1.0575000001967214,0.17901639344262296,1.0979918030819673,7.822950819672131,126.72550091081968,11.311475409836065,35.70737704918032,0.7821065573278688,0.13378142077049182,79.97213114754099,0.4065573770491803,0.010491803278688525,10.38688524590164,37.60770491803278,0.03599999998360656,0.04791803288524591,0.21031147540983608,0.01237704918032787,4.229508196721311,2.0131147540983605,0.030508196721311474,0.00718032786885246,0.0014590163934426231,0.01650819672131148,0.0,0.0,75.16319672131148,0.6350819672131147,2.2295081967213113
9,Mangos; mangosteens; guavas,"Mangoes, mangosteens, guavas",32.2464406779661,0.623913713440678,0.2010741800508474,7.248813559322034,63.05338983050848,85.2443220338983,2.9533898305084745,12.584283513050849,0.3759322033898305,0.04608474576271187,63.96949152542373,0.9943502824745764,0.02019209038983051,3.9508474576271184,13.305084745762711,0.03442161016949152,0.041110169491525426,0.7835889830508472,0.01190395479661017,0.2576271186440678,6.169491525423729,0.0036101694915254235,0.012949152542372881,0.006389830508474577,0.014271186440677968,0.0,0.0,68.92984354627119,0.44197740113559325,1.7966101694915255
10,Rice (Milled Equivalent),Cereals (Rice Milled Eqv),242.28929824561402,7.17339161845614,0.9733797246491228,53.171929822807016,0.015789473684210527,0.43859649122807015,1.6666666666666667,29.090317924561404,1.7359683061929827,0.4570175438596492,50.55333496491228,0.703244887,0.023649122807017545,4.10701754385965,120.58947368421053,0.14952250238596493,0.04196875915789474,2.463879045614035,0.019526315789473683,0.0,6.140350877192983,0.052824561403508774,0.004403508771929824,0.006333333333333333,0.005894736842105263,0.0,0.0,11.747426897192982,0.6475438596491229,0.0
11,Rice (Milled Equivalent),"Rice, paddy",242.28929824561402,7.17339161845614,0.9733797246491228,53.171929822807016,0.015789473684210527,0.43859649122807015,1.6666666666666667,29.090317924561404,1.7359683061929827,0.4570175438596492,50.55333496491228,0.703244887,0.023649122807017545,4.10701754385965,120.58947368421053,0.14952250238596493,0.04196875915789474,2.463879045614035,0.019526315789473683,0.0,6.140350877192983,0.052824561403508774,0.004403508771929824,0.006333333333333333,0.005894736842105263,0.0,0.0,11.747426897192982,0.6475438596491229,0.0
12,Spices; nes,"Spices, nes",205.76363636363635,9.380545454545455,6.622363636363637,34.484909090909085,29.809090909090905,162.36472727332728,85.21818181818182,684.2050909090909,21.40563636363636,2.075818181818182,748.0181818181818,12.50909090909091,0.4632181818181818,39.44,178.54545454545453,0.20821818181818186,0.3197636363636363,4.139509090909091,0.4334545454545454,31.787272727272722,140.96363636363637,2.875090909090909,0.7758909090909091,1.3438181818181818,0.8445454545454546,0.0,0.0,35.66036363636364,4.6685454545454546,4.4
13,Roots and tubers; nes,"Roots and Tubers,Total",54.02603773584906,1.8653459119433962,0.7229559749056604,11.460503144716983,11.204716981132076,15.075471698113208,7.377358490566038,30.221509433962265,2.370377358490566,0.05150943396226415,73.28301886792453,0.6377358490566039,0.01679245283018868,2.8358490566037737,52.83584905660378,0.05669811320754717,0.05433962264150943,0.8408301886792453,0.015547169811320757,0.8226415094339623,4.867924528301887,0.01690566037735849,0.0015471698113207549,0.0003207547169811321,0.0034150943396226412,0.0,0.0,70.8351572326415,0.6853459119433962,2.4716981132075473
14,Oilcrops Oil; Other,"Oilcrops, Oil Equivalent",628.0782692307693,0.07442307692307693,85.6580769230769,0.03653846153846154,0.0038461538461538464,16.882692307692306,0.019230769230769232,0.6923076923076923,0.07807692307692307,0.015576923076923075,0.34615384615384615,0.0,0.0,0.125,0.5961538461538461,0.002307692307692308,0.007057692307692307,0.029096153846153845,0.0001730769230769231,0.24807692307692308,0.057692307692307696,0.0,8.700346153846153,14.17173076923077,12.625461538461538,0.0,0.0019230769230769232,6.866538461538463,0.09461538461538462,0.0
15,Oranges; Mandarines,Oranges,18.563000000000002,0.71386666672,0.2065,4.1996,35.089866666599995,39.962622222360004,2.485,24.006,0.358172,0.01971333334,36.98,0.29599999999999993,0.006219999999999999,0.8096,13.855133333400001,0.05058857141999999,0.031175000000000005,1.0962514285799998,0.006980000000000001,0.652,1.06,0.0017399999999999998,0.0016799999999999999,0.00246,0.0026,0.0,0.0,81.7102222222,0.3232,2.68
16,Oranges; Mandarines,"Tangerines, mandarins, clementines, satsumas",18.563000000000002,0.71386666672,0.2065,4.1996,35.089866666599995,39.962622222360004,2.485,24.006,0.358172,0.01971333334,36.98,0.29599999999999993,0.006219999999999999,0.8096,13.855133333400001,0.05058857141999999,0.031175000000000005,1.0962514285799998,0.006980000000000001,0.652,1.06,0.0017399999999999998,0.0016799999999999999,0.00246,0.0026,0.0,0.0,81.7102222222,0.3232,2.68
17,Beans; green,"Beans, green",35.05183673469388,4.3736394551428575,0.5222040816326531,5.497455782959183,19.644897959183677,22.109126984081634,6.544217687142857,56.534013605510204,1.8622448977959183,0.1986326530612245,95.04183673469389,1.006020408163265,0.01036734693877551,8.799489795918367,71.79591836734694,0.10604081636734694,0.813040816367347,0.5354285714285715,0.008510204081632652,0.4959183673469388,4.285714285714286,0.008775510204081634,0.0029795918367346943,0.0011224489795918367,0.0057551020408163275,0.0,0.0,81.41884353734694,0.7418367346938777,1.2653061224489797
18,Bananas,Bananas,67.15833333333333,1.157857142857143,0.2214285714285714,15.562857142857146,7.0976190476190455,20.113095238095237,1.3333333333333333,6.333333333333333,0.4945238095238096,0.04714285714285714,121.35714285714286,0.4095238095238095,0.01757142857142857,2.4178571428571427,13.285714285714286,0.03182539683333333,0.030099206357142853,0.4865476191428572,0.024928571428571432,0.23333333333333334,2.0238095238095237,0.006428571428571429,0.005285714285714285,0.0012380952380952382,0.00269047619047619,0.0,0.0,71.10880952380953,0.7104761904761906,3.380952380952381
19,Mushrooms and truffles,Mushrooms and truffles,21.583902439024392,2.679024390243902,0.35048780487804876,3.576585365853658,1.451219512195122,0.21951219512195122,4.439024390243903,8.673170731707318,1.3290243902439023,0.41926829268292687,125.95121951219512,0.7024390243902439,0.09751219512195121,7.497560975609756,68.23414634146341,0.06673170731707317,0.24451219512195121,1.8390731707317074,0.026317073170731713,3.887804878048781,2.951219512195122,0.03892682926829268,0.007292682926829268,0.002780487804878049,0.19760975609756098,0.0,0.004634146341463414,90.65170731707316,0.682439024390244,0.6585365853658537
20,Carrots and turnips,Carrots and turnips,13.17897435897436,1.0072649572051282,0.16810897435897437,2.5573550061794874,16.846153846153847,358.9487179487179,1.676923076923077,40.82051282051282,0.9545705127948718,0.059623931615384616,67.16153846153847,0.3644871794871795,0.004525641025641025,13.314102564102564,70.25567765564104,0.031578754564102564,0.057322344307692306,0.39755555556410255,0.009350427358974359,8.046153846153846,0.6239316238461539,0.003666666666666667,0.0024871794871794872,0.0011282051282051281,0.005820512820512821,0.0,0.0,75.51816849820513,0.8687179487179488,1.7692307692307692
21,Fruit; prepared; nes,Fruit Primary,55.21052631578947,0.7263157894736842,0.23894736842105263,14.024473684210525,11.276315789473683,25.263157894736842,7.315789473684211,14.81578947368421,0.5960526315789474,0.15236842105263157,179.76315789473685,2.3868421052631574,0.07771052631578948,4.631578947368421,17.973684210526315,0.026868421052631583,0.03042105263157895,0.5355,0.053894736842105266,3.586842105263158,11.131578947368421,0.288578947368421,0.022578947368421053,0.03189473684210526,0.0681315789473684,0.0,0.0,84.545,0.46657894736842115,1.2105263157894737
22,Maize,Maize,137.4138888888889,8.402802855138889,3.327770764111111,28.06689839444444,0.5333333333333333,14.708333333333334,3.233659946388889,19.706000122499997,3.2540268799999996,0.4984511013888889,73.65134912222223,1.294722222222222,0.02506154977777778,2.8555555555555556,206.72823596111112,0.24445910608333332,0.101954101,2.221128316944444,0.03937430727777778,0.0,15.231618951944446,0.013472222222222222,0.06575,0.14308333333333334,0.2684166666666667,0.0,0.0,12.46101851861111,1.0460465046388885,0.0
23,Sweet Potatoes,Sweet potatoes,48.42264705882353,0.9243137260000002,0.17009803920588237,11.13980389117647,15.530392156764705,311.3975490186176,4.911764705882353,23.03235294117647,0.9723529411764706,0.08838235294117647,83.80353105294117,0.6594117647058824,0.021794117647058825,7.324509803823529,25.107843137058822,0.056387255,0.029441176470588238,0.43912745097058825,0.027911764705882355,0.361764705882353,2.926470588235294,0.007588235294117647,0.006999999999999999,0.0012058823529411764,0.012176470588235294,0.0,0.0,52.05004904941177,0.5704411764705882,2.676470588235294
24,Lemons; Limes,Lemons and limes,16.506875,0.7343750000000001,0.40447916665625,3.63625,38.60625,5.961979166656249,0.9375,35.4633928571875,0.545491071375,0.0353125,72.1171875,0.415625,0.03559375,1.2765625,16.5566964284375,0.030125,0.025625000000000002,0.3803125,0.00540625,0.31875,0.9375,0.0011875,0.00315625,0.00125,0.0063750000000000005,0.0,0.0,86.35093749999999,0.32046875,4.375
25,Plantains,Plantains and others,27.672000000000004,1.1700000000000004,0.30566666666666664,6.619666666666666,9.727666666666666,45.806666666666665,2.0,6.8971111111,0.7713333333333334,0.019333333333333334,59.97,0.2033333333333333,0.005366666666666667,0.5333333333333333,24.863,0.14439999999999997,0.10546666666666667,0.46886666666666665,0.019966666666666667,0.45,2.466666666666667,0.0,0.010766666666666667,0.0020666666666666667,0.0043,0.0,0.0,65.70533333333334,0.8606666666666667,2.3
26,Pulses; nes,"Pulses, nes",350.03333333333336,22.613590141333336,7.656172083333333,50.92885824766667,0.9633333333333334,0.7333333333333333,45.5,159.71067893333333,6.640000000000001,0.9462209,240.1,7.582675444333333,0.27176666666666666,6.346500644433333,287.1512033333333,0.3529000003999999,0.1307000001,1.2494333333333332,0.035399999999999994,11.733333333333333,42.96666666666667,0.3142666666666667,0.11573333333333334,0.2125,0.21663333333333332,0.0,0.0,11.461800000000002,1.34057075,2.3333333333333335
27,Pulses; nes,"Pulses,Total",350.03333333333336,22.613590141333336,7.656172083333333,50.92885824766667,0.9633333333333334,0.7333333333333333,45.5,159.71067893333333,6.640000000000001,0.9462209,240.1,7.582675444333333,0.27176666666666666,6.346500644433333,287.1512033333333,0.3529000003999999,0.1307000001,1.2494333333333332,0.035399999999999994,11.733333333333333,42.96666666666667,0.3142666666666667,0.11573333333333334,0.2125,0.21663333333333332,0.0,0.0,11.461800000000002,1.34057075,2.3333333333333335
28,Cauliflowers and broccoli,Cauliflowers and broccoli,9.884137931034482,2.243103448275862,0.23413793103448272,1.403103448275862,52.983793103448285,410.9820689655172,4.137931034482759,25.697586206896553,0.6368965517241381,0.10137931034482758,71.51724137931035,0.393103448275862,0.004413793103448276,9.289655172413791,56.18034482758621,0.07175862068965519,0.07093103448275861,0.39537931034482754,0.012379310344827586,6.551724137931035,1.2413793103448276,0.012586206896551724,0.008586206896551724,0.002586206896551724,0.0044482758620689655,0.0,0.0,65.70724137931033,0.670344827586207,4.9655172413793105
29,Quinoa,Quinoa,52.71071428571429,12.11892857142857,5.7107142857142845,8.648571428571428,0.6671428571428571,0.03571428571428571,6.571428571428571,74.13357142857141,5.038214285714285,0.11071428571428572,34.17857142857143,0.25,0.02107142857142857,0.39285714285714285,223.8642857142857,0.26785714285714285,0.20457142857142857,1.0392857142857141,0.017392857142857144,2.507142857142857,7.035714285714286,0.07260714285714286,0.025214285714285713,0.057607142857142864,0.11757142857142856,0.0,0.0,10.670714285714284,2.839642857142857,0.0
30,Tomatoes,Tomatoes,10.696428571428571,0.7148214285714286,0.1799744897857143,1.9493409863928568,15.640584415714287,36.46917517035714,2.3660714285714284,10.177425714285715,0.6871428571428572,0.06821428571428571,63.021428571428565,0.36830357142857145,0.014452380964285713,4.777142857142857,23.035714285714285,0.03489285714285715,0.030003968250000002,0.48970634921428574,0.005892857142857143,0.2392857142857143,1.3928571428571428,0.004071428571428571,0.0020714285714285713,0.0021785714285714286,0.005821428571428572,0.0,0.0,77.20523809535713,0.3241071428571428,0.4642857142857143
31,Potatoes,Potatoes,28.639999999999997,1.910357143071429,0.12620535714285716,6.399151785357143,14.279642857142859,0.6147321428571428,2.6607142857142856,8.517142857142856,0.9405535715357143,0.14839285714285716,160.29285714285714,0.3369642857142857,0.015785714285714285,4.881607142857143,43.22132653071429,0.07100000000000001,0.05557142857142857,1.0821428567857143,0.03516964285714286,5.0,4.404761904642857,0.01582142857142857,0.0052499999999999995,0.00025,0.007321428571428571,0.0,0.0,76.36767857142857,0.9417857142857143,3.1785714285714284
32,Cassava,Cassava,49.67392857142857,0.9789285716785713,0.2542857143214286,11.0870446425,13.8,7.680357142857143,1.8214285714285714,16.708333333214288,0.5217857142857143,0.02428571428571429,53.714285714285715,0.2642857142857143,0.0071428571428571435,1.6428571428571428,15.482142857142858,0.026678571428571433,0.02385714285714286,0.22538095267857142,0.006285714285714286,0.8464285714285714,1.5,0.013714285714285715,0.006214285714285715,0.0062499999999999995,0.0031428571428571426,0.0,0.0,33.65785714285714,0.6525982142857144,1.5
33,Yams,Yams,86.77153846153846,2.0011635667307694,0.18416433492307693,19.715439776923077,6.470512820384614,0.6378205127692307,4.589148803461539,29.936096874999997,0.8092307692307692,0.09980052884615385,183.34615384615384,1.4499999999999997,0.025161225961538462,2.7655615384615384,36.523554326923076,0.07296153846153847,0.018294816653846153,0.27921153846153846,0.05004000884615385,0.6346153846153846,4.350961538461538,0.01526923076923077,0.0021923076923076926,0.0006153846153846154,0.004461538461538461,0.0,0.0,71.42722985346154,0.6027289102692308,1.8461538461538463
34,Other melons (inc. cantaloupes),"Melons, other (inc.cantaloupes)",18.63153846153846,0.5203846153846153,0.14038461538461539,4.2069230769230765,20.53846153846154,38.71153846153846,2.923076923076923,13.5,0.45153846153846156,0.05230769230769231,78.6923076923077,0.18461538461538465,0.007500000000000001,6.073076923076924,10.73076923076923,0.023615384615384614,0.02007692307692308,0.31053846153846154,0.018192307692307695,0.8769230769230768,2.076923076923077,0.003961538461538462,0.004384615384615384,0.0003076923076923077,0.006884615384615384,0.0,0.0,88.91653846153848,0.3315384615384615,5.5
35,Apples,Apples,38.862692307692306,0.2865384615384615,0.2719230769230769,9.058846153846154,8.934615384615386,2.756410256423077,0.23076923076923078,4.769230769230769,0.4315384615384615,0.012307692307692308,27.692307692307693,0.3269230769230769,0.003346153846153846,1.7923076923076924,5.846153846153846,0.024500000000000004,0.015230769230769232,0.10080769230769229,0.004653846153846153,12.476923076923075,0.5384615384615384,0.0013461538461538463,0.003,0.0006538461538461539,0.0050384615384615385,0.0,0.0,81.25346153846152,0.21769230769230768,0.38461538461538464
36,Homogenized; cooked fruit prepared,Fruit Primary,55.44,0.358,0.1592,13.973199999999999,27.284000000000002,4.8,4.36,6.2,0.2416,0.064,123.76,1.8079999999999998,0.056159999999999995,1.92,11.52,0.014720000000000002,0.0406,0.31915999999999994,0.0558,4.007999999999999,7.44,0.01504,0.023200000000000002,0.022640000000000004,0.04372,0.0,0.0,85.1868,0.3208,0.0
37,Onions (inc. shallots); green,"Onions, shallots, green",24.040000000000003,1.3370833333333334,0.17625000000000002,4.9054166666666665,17.758333333333336,61.791666666666664,4.75,38.0,1.4083333333333332,0.22208333333333333,71.5,0.8416666666666667,0.017541666666666667,4.733333333333333,34.958333333333336,0.034791666666666665,0.05833333333333333,0.20187500000000003,0.019916666666666666,0.9291666666666667,7.0,0.06620833333333333,0.0065,0.0057083333333333335,0.015375,0.0,0.0,78.06833333333333,0.4533333333333333,2.5416666666666665
38,Nuts; nes,"Nuts, nes",554.1317391304348,14.49014492752174,43.644637681304346,31.628768116086956,0.4652173913043478,0.5652173913043478,5.521739130434782,95.56521739130434,2.7443478260869565,1.185,81.82608695652173,2.447826086956522,0.190304347826087,12.622608695652174,329.5652173913044,0.18313043478260868,0.07139130434782609,0.6193913043478261,0.03017391304347826,4.1869565217391305,34.95652173913044,0.8585217391304348,2.6184347826086958,7.096565217391304,4.482260869565218,0.0,0.0,6.777101449260869,0.856304347826087,9.565217391304348
39,Nuts; nes,"Treenuts,Total",554.1317391304348,14.49014492752174,43.644637681304346,31.628768116086956,0.4652173913043478,0.5652173913043478,5.521739130434782,95.56521739130434,2.7443478260869565,1.185,81.82608695652173,2.447826086956522,0.190304347826087,12.622608695652174,329.5652173913044,0.18313043478260868,0.07139130434782609,0.6193913043478261,0.03017391304347826,4.1869565217391305,34.95652173913044,0.8585217391304348,2.6184347826086958,7.096565217391304,4.482260869565218,0.0,0.0,6.777101449260869,0.856304347826087,9.565217391304348
40,Cereals; nes,"Cereals, nes",121.1304347826087,13.024347826086956,4.602608695652173,25.562173913043477,0.18695652173913047,0.036231884086956524,0.0,119.9391304347826,22.17521739130435,0.9917391304347826,18.565217391304348,0.9608695652173914,0.035217391304347825,0.6782608695652174,297.8782608695652,0.2965217391304348,0.21913043478260869,1.141,0.020956521739130436,0.5695652173913043,8.0,0.4017391304347826,0.019521739130434784,0.025608695652173913,0.04656521739130435,0.0,0.0,10.913913043478262,2.7265217391304346,0.0
41,Cereals; nes,"Cereals,Total",121.1304347826087,13.024347826086956,4.602608695652173,25.562173913043477,0.18695652173913047,0.036231884086956524,0.0,119.9391304347826,22.17521739130435,0.9917391304347826,18.565217391304348,0.9608695652173914,0.035217391304347825,0.6782608695652174,297.8782608695652,0.2965217391304348,0.21913043478260869,1.141,0.020956521739130436,0.5695652173913043,8.0,0.4017391304347826,0.019521739130434784,0.025608695652173913,0.04656521739130435,0.0,0.0,10.913913043478262,2.7265217391304346,0.0
42,Papayas,Papayas,17.220000000000002,0.7482727273181818,0.10859090909090913,3.855522727227273,38.91681818181818,42.143939394090914,2.8181818181818183,12.563636363636363,0.34227272740909087,0.025,38.76136363636363,0.35454545454545455,0.004,2.8204545454545453,8.494318181818182,0.01331818181818182,0.01764204545454546,0.16793181818181818,0.0026363636363636363,0.2772727272727273,2.3068181818181817,0.0018181818181818182,0.0055,0.004181818181818182,0.0030909090909090903,0.0,0.0,69.35670454545453,0.3795454545454545,2.909090909090909
43,Grapes,Grapes,36.35181818181818,0.536818181818182,0.23681818181818184,8.630909090909093,4.204545454545455,2.962121212136364,0.2727272727272727,12.909090909090908,0.5322727272727272,0.022727272727272728,41.18181818181818,0.6727272727272727,0.02209090909090909,0.8772727272727273,16.636363636363637,0.031409090909090914,0.10349999999999998,0.15854545454545454,0.00890909090909091,0.509090909090909,4.909090909090909,0.12554545454545454,0.016272727272727272,0.0018636363636363638,0.012727272727272726,0.0,0.0,83.24954545454544,0.4309090909090909,2.5454545454545454
44,Barley,Barley,109.5,8.313181818181818,1.2018181818181821,23.722727272727273,0.36363636363636365,0.09090909090909091,1.9090909090909092,50.68181818181818,6.717727272727274,0.5745454545454546,46.81818181818182,2.259090909090909,0.08718181818181818,4.863636363636363,239.2959090909091,0.22713636363636366,0.09995454545454545,3.6458181818181816,0.026272727272727277,1.718181818181818,10.590909090909092,0.19386363636363635,0.033,0.02018181818181818,0.07581818181818181,0.0,0.0,11.742272727272727,1.249090909090909,0.0
45,Spinach,Spinach,14.59047619047619,2.202857142857143,0.34238095238095234,1.7538095238095237,28.842857142857145,282.3809523809524,23.476190476190474,103.71428571428571,3.3138095238095233,0.2061904761904762,186.33333333333334,0.9619047619047618,0.014761904761904763,53.03333333333334,35.23809523809524,0.0560952380952381,0.15042857142857144,0.3906666666666667,0.018333333333333333,0.9190476190476191,9.333333333333334,0.06652380952380953,0.004428571428571428,0.0009523809523809524,0.008333333333333335,0.0,0.0,78.0952380952381,1.1342857142857143,1.3333333333333333
46,String beans,String beans,42.57142857142857,3.0976190476190473,0.23523809523809522,7.895238095238095,17.214285714285715,21.952380952380953,12.333333333333334,62.76190476190476,1.4652380952380952,0.3047619047619048,122.38095238095238,1.2428571428571427,0.006571428571428572,10.838095238095239,36.285714285714285,0.050761904761904765,0.04614285714285714,0.25647619047619047,0.010238095238095237,1.1571428571428573,8.80952380952381,0.020476190476190478,0.00361904761904762,0.0007142857142857143,0.00819047619047619,0.0,0.0,86.83761904761904,0.49142857142857144,1.1428571428571428
47,Sorghum,Sorghum,332.3809523809524,11.73904761904762,3.475714285714286,67.92809523809522,0.0,0.1058201058095238,6.123491368095239,30.509779220952378,6.090476190476191,0.5308111110952382,74.09695238095239,3.0476190476190474,0.052714285714285714,2.6809523814285714,341.6623129238095,0.1840900018095238,0.060004297809523814,1.5700304651904762,0.0571076470952381,0.0,60.408857142857144,0.12404761904761905,0.029047619047619048,0.05385714285714286,0.0741904761904762,0.0,0.0,10.075285714285716,0.6014285714285714,0.0
48,Grapefruit,Grapefruit (inc. pomelos),22.392380952380954,0.7042857144761905,0.1447619047619048,4.971428571428571,37.47142857142857,6.43253968252381,1.0476190476190477,18.571428571428573,0.5195238095238095,0.03476190476190476,63.38095238095238,0.43333333333333324,0.006904761904761906,3.4809523809523806,17.857142857142858,0.03476190476190477,0.03033333333333334,0.2228571428571429,0.00561904761904762,0.3666666666666667,1.0952380952380953,0.001380952380952381,0.001142857142857143,0.0010952380952380953,0.0020952380952380953,0.0,0.0,89.54238095238095,0.2947619047619047,8.523809523809524
49,Peaches and nectarines,Peaches and nectarines,18.315714285714286,0.7919047619047619,0.16476190476190475,4.2700000000000005,13.263809523809522,24.813492063476193,0.42857142857142855,9.32952380952381,0.5833333333333334,0.05238095238095238,69.66666666666667,0.28095238095238095,0.007333333333333333,0.5095238095238095,21.2,0.02561904761904762,0.0360952380952381,0.5695714285714286,0.002380952380952381,0.5857142857142857,0.8571428571428571,0.0054761904761904765,0.003999999999999999,0.013095238095238096,0.01519047619047619,0.0,0.0,80.56714285714285,0.46238095238095245,1.619047619047619
50,Oilcrops; Other,"Oilcrops, Cake Equivalent",496.6666666666667,19.12031746957143,38.88587301571428,25.91984125857143,1.1,0.14285714285714285,24.38095238095238,306.5952380952381,14.727777777761904,1.8572380952380954,205.71428571428572,8.233333333333334,0.4601904761904761,12.59047619047619,473.1666666666667,0.3983333333333333,0.21700000000000003,1.9555714285714285,0.1268095238095238,4.166666666666667,126.76190476190476,0.8354285714285714,0.8371904761904762,1.9166190476190477,5.0290952380952385,0.0,0.0,5.750634922904761,2.8980952380952383,5.523809523809524
51,Soyabeans,Soybeans,262.881,33.61119599999999,16.5415,15.465723855499999,1.15,10.529166666650001,66.55,201.84025,7.8388749988,2.3906234224500005,525.2,3.93833014435,0.40303375584999995,4.86383025625,453.672,0.54274006505,0.2172106641,1.4831821025,0.10147816205,5.795,59.372264359999996,0.32585,0.28819999999999996,0.4377,1.05925,0.0,0.0,8.956999999999999,3.79925,0.0
52,Onions,"Onions, dry",15.7945,1.0933636366,0.11946153845000003,3.3418891106500004,7.113124999999999,0.85,2.05,33.15958,0.5695,0.13792666665,51.68000000000001,0.355,0.00415,4.5200000000000005,39.118181818,0.0268,0.02942142855,0.16836250000000003,0.010966666650000002,0.305,1.7899999999999998,0.00645,0.0051,0.0036499999999999996,0.008350000000000002,0.0,0.0,90.21778571450001,0.4674999999999999,0.8
53,Broad beans; horse beans; dry,"Broad beans, horse beans, dry",105.63157894736842,22.734736842105264,1.5047368421052634,17.367894736842103,1.8631578947368421,4.517543859473684,44.526315789473685,99.09526315789473,8.075263157894735,0.9189473684210526,314.0,3.057894736842105,0.08652631578947369,5.757894736842106,341.3157894736842,0.3460526315789474,0.2585789473684211,2.079578947368421,0.03873684210526316,5.042105263157895,20.157894736842106,0.08557894736842105,0.026526315789473686,0.031736842105263154,0.06352631578947368,0.0,0.0,9.877368421052632,2.372105263157895,2.8421052631578947
54,Leeks; other alliaceous veg.,"Leeks, other alliaceous vegetables",27.57894736842105,2.0294736842105263,0.28210526315789475,5.557894736842105,18.083684210526318,98.42947368421052,8.894736842105264,62.08894736842105,2.6178947368421057,0.33631578947368423,78.26315789473684,0.48947368421052634,0.017736842105263155,8.473684210526315,50.59789473684211,0.05042105263157895,0.08026315789473686,1.332473684210526,0.019526315789473683,0.7736842105263158,9.157894736842104,0.09757894736842106,0.011894736842105262,0.005736842105263158,0.026473684210526316,0.0,0.0,85.86105263157896,0.5494736842105263,2.9473684210526314
55,Eggplants (aubergines),Eggplants (aubergines),17.22684210526316,1.093508771736842,0.685578947368421,3.341438596684211,5.207894736842105,4.859649122789474,4.333333333157895,14.412280701578949,0.4807368415789474,0.08063157894736843,73.98684210526316,0.7636842105263157,0.021105263157894738,2.8223684223157894,27.657894736842106,0.039815789473684214,0.07168421052631578,0.8136315789473686,0.009157894736842104,3.1,1.3508771931578947,0.012210526315789472,0.002842105263157895,0.001368421052631579,0.006105263157894736,0.0,0.0,86.93894736842105,0.8184210526315789,2.1578947368421053
56,Oats,Oats,173.05736842105264,11.499473684210523,5.194736842105264,30.708947368421047,0.05263157894736842,0.15789473684210525,4.7368421052631575,43.38947368421052,3.8984210526315786,0.718421052631579,85.78947368421052,0.9315789473684211,0.032947368421052635,6.326315789473685,248.6315789473684,0.3843684210526315,0.07889473684210525,0.7232105263157895,0.006263157894736843,0.0,9.31578947368421,0.25873684210526315,0.12510526315789472,0.23094736842105262,0.2618421052631579,0.0,0.0,10.54842105263158,1.474736842105263,0.0
57,Millet,Millet,343.3157894736842,9.26421052631579,3.7630451127894737,70.41315789473683,0.15789473684210525,0.058011610947368425,13.993125612105263,50.17206968473684,5.679473684210526,1.314250699842105,122.79872670526315,5.275563909789473,0.5360041670526315,5.689473684210526,198.60270725263157,0.2327160584736842,0.09429480389473684,1.7682613506842104,0.25293340347368415,39.36842105263158,69.34402212631579,0.40168421052631575,0.038052631578947366,0.04068421052631579,0.1123157894736842,0.0,0.0,10.832149122631577,1.2324553704210526,0.0
58,Homogenous vegetables prepared,Vegetables Primary,39.611111111111114,1.6383333333333334,0.4555555555555555,8.131666666666668,3.3388888888888895,138.11111111111111,22.77777777777778,29.666666666666668,0.525,0.24000000000000002,158.55555555555554,1.7944444444444443,0.0495,30.38888888888889,32.55555555555556,0.03461111111111111,0.05894444444444444,0.5201111111111111,0.05994444444444444,13.23888888888889,17.666666666666668,0.07105555555555555,0.1496111111111111,0.0903888888888889,0.13694444444444442,0.0,0.013888888888888888,89.17166666666667,0.611111111111111,0.0
59,Pears,Pears,20.161666666666665,0.45333333333333337,0.2994444444444444,4.912222222222223,3.816666666666667,1.1666666666666667,0.3888888888888889,10.927777777777777,1.7872222222222223,0.03777777777777778,36.0,0.3277777777777777,0.004555555555555555,1.332222222222222,11.633333333333333,0.02455555555555556,0.038666666666666676,0.17172222222222222,0.001611111111111111,0.2833333333333333,0.3888888888888889,0.0026666666666666666,0.0023333333333333335,0.009111111111111111,0.010222222222222223,0.0,0.0,84.85666666666665,0.25555555555555554,1.2777777777777777
60,Mixed grain,"Grain, mixed",348.2352941176471,11.431176470588236,2.48,73.69588235294117,0.0,0.8235294117647058,36.11764705882353,24.58823529411765,3.328235294117647,2.6023529411764708,344.6470588235294,9.323529411764707,0.46076470588235297,5.470588235294118,316.05882352941177,0.4007647058823529,0.15852941176470586,4.2965294117647055,0.30229411764705877,7.68235294117647,118.52941176470588,2.5688823529411766,0.43935294117647056,0.5324705882352943,1.0427058823529411,0.0,0.0,10.750588235294117,1.6417647058823528,0.0
61,Mixed grain,"Coarse Grain, Total",348.2352941176471,11.431176470588236,2.48,73.69588235294117,0.0,0.8235294117647058,36.11764705882353,24.58823529411765,3.328235294117647,2.6023529411764708,344.6470588235294,9.323529411764707,0.46076470588235297,5.470588235294118,316.05882352941177,0.4007647058823529,0.15852941176470586,4.2965294117647055,0.30229411764705877,7.68235294117647,118.52941176470588,2.5688823529411766,0.43935294117647056,0.5324705882352943,1.0427058823529411,0.0,0.0,10.750588235294117,1.6417647058823528,0.0
62,Wheat,Wheat,257.5641176470588,10.768235294117646,1.7294117647058822,53.03352941176472,0.17647058823529413,0.014705882352941176,9.529411764705882,40.03738039235294,3.7023529411764713,1.1603294117647058,181.11764705882354,1.488235294117647,0.08294117647058823,4.364705882352942,270.3235294117647,0.27394117647058824,0.1688235294117647,3.523941176470588,0.09952941176470588,1.8352941176470587,32.1764705882353,0.47452941176470587,0.025294117647058825,0.016647058823529414,0.06864705882352941,0.0,0.0,11.153333333529412,1.5576470588235296,0.0
63,Cucumbers and gherkins,Cucumbers and gherkins,9.032941176470588,0.6452941178235294,0.11823529411764708,1.6372549017647058,7.5588235294117645,3.3480392157058825,1.6470588235294117,13.176470588235293,0.36647058823529416,0.06764705882352942,50.3137254882353,0.268627451,0.009529411764705882,3.1235294117647054,25.602941176470587,0.021588235294117648,0.02605882352941177,0.13458823529411765,0.004705882352941177,0.35294117647058826,1.4705882352941178,0.004647058823529412,0.003941176470588235,0.00029411764705882356,0.003058823529411765,0.0,0.0,95.75735294117646,0.3420588235294118,1.8235294117647058
64,Groundnuts (Shelled Eq),"Groundnuts, with shell",387.2858823529412,23.56344951647059,43.90594117647059,12.019118692941177,1.2529411764705882,0.6617647058823529,41.11128142352941,52.85492192529412,3.3241176470588236,1.4741176470588238,286.77083127058825,3.9102330681176474,0.44788235294117645,5.4320312423529415,298.7278676470588,0.6286585140000001,0.14927234364705885,10.960014430000001,0.15894446670588233,16.264705882352942,55.156078429411764,0.17258823529411765,0.3693529411764706,1.4368235294117646,0.9151764705882353,0.0,0.0,8.441751634,2.2521568627647057,0.0
65,Avocados,Avocados,54.62875,1.5079166664375,13.207083333125,1.62750000025,10.39375,23.260416666875,7.270833333125,17.99375,0.840625,0.15078125,223.140625,0.821875,0.026375,2.8859375,148.53125,0.05121875000000001,0.1139062500625,1.1251875,0.0381458333125,0.8875,3.78125,0.008875,0.5978749999999999,1.9855625,0.416,0.0,0.0,72.0875,1.026875,4.75
66,Beer,Hops,7.875,0.344375,0.0125,0.571875,0.0,0.0,0.6875,6.475,0.14750000000000002,0.02,13.174999999999999,0.0,0.0009375,3.1375,13.3,0.0128125,0.034687499999999996,0.2189375,0.00725,0.63125,0.8125,0.0005,0.0,0.0,0.0,0.0,0.00125,70.29124999999999,0.120444375,0.0
67,Lentils,Lentils,164.15812499999998,23.105,1.0456250000000002,28.059375,0.75,1.6875,50.625,60.3125,8.76875,1.266875,260.625,2.8812499999999996,0.21837499999999999,5.01875,265.125,0.3426875,0.2056875,1.6384375,0.07625000000000001,24.7125,14.375,0.1495625,0.017750000000000002,0.0220625,0.05475,0.0,0.0,11.493125000000001,2.196875,0.0
68,Plums and sloes,Plums and sloes,16.8125,0.690625,0.275625,3.87,12.61625,22.047916666874997,0.3125,17.17125,0.7625,0.0125,36.875,0.15625,0.0035625,0.125,18.446875,0.037375,0.062875,0.4991875,0.0018124999999999999,0.11875,0.4375,0.0032500000000000003,0.0041875,0.033375,0.010875000000000001,0.0,0.0,78.35375,0.41937500000000005,0.8125
69,Palm Oil,Oil palm fruit,448.34172535,0.0,49.927640845,0.0,0.0,4071.123125,0.0,0.0,0.195625,0.005,0.0,0.0,0.0,0.08125,0.0,0.0002083333125,0.0,0.0,0.0,0.01875,0.0,0.0,3.08125,2.3125,0.58125,0.0,0.0,0.0125,0.0,0.0
70,Figs,Figs,25.276666666666664,1.014,0.21,5.818,7.9,8.166666666666666,0.8666666666666667,43.6,0.8059999999999999,0.15399999999999997,88.46666666666667,0.5866666666666667,0.016,1.0333333333333334,19.4,0.04200000000000001,0.06266666666666668,0.308,0.014866666666666667,0.31333333333333335,2.2666666666666666,0.008533333333333334,0.009333333333333334,0.010400000000000001,0.022266666666666667,0.0,0.0,83.78,0.638,1.0
71,Pineapples,Pineapples,31.515333333333334,0.4290666667333334,0.1982962962666667,7.368,16.316666666666666,3.3744444444666666,2.0,26.293333333333333,0.4414074074666667,0.031433333333333334,53.480000000000004,0.27755555553333333,0.022366666666666667,1.8546666666666667,6.391666666666667,0.045838095200000005,0.0280380952,0.20666666666666667,0.013216666666666665,21.766666666666666,1.577777778,0.0618,0.0026,0.0035333333333333336,0.008,0.0,0.0,87.11500000000001,0.25688888886666666,5.466666666666667
72,Berries; nes,Berries nes,37.733333333333334,0.8686666666666666,0.4206666666666666,8.551333333333334,40.133333333333326,50.46666666666667,3.8,34.2,1.3313333333333337,0.19733333333333333,66.13333333333334,0.9599999999999999,0.0228,4.026666666666666,15.0,0.022400000000000007,0.04846666666666667,0.3250666666666666,0.009666666666666667,1.9533333333333334,4.333333333333333,0.1262,0.0048000000000000004,0.011199999999999998,0.0582,0.0,0.0,80.12933333333334,0.3706666666666666,0.26666666666666666
73,Coconuts - Incl Copra,Coconuts,181.42857142857142,3.3550714285714283,28.144285714285708,7.190285714285714,2.05625,0.3630952380714286,5.56207483,17.330281385714287,2.6645670995714283,0.5891757212142857,140.10714285714286,2.7666666666428577,0.14624338621428573,10.590476190714286,90.20952380714287,0.058293650785714295,0.029428571428571436,0.5797619047857142,0.008857142857142859,0.8642857142857142,6.2107268835714295,0.5357142857142857,4.264142857142857,0.3803571428571429,0.09757142857142857,0.0,0.0,53.03321428571429,0.8035714285714287,5.928571428571429
74,Peas,"Peas, green",262.2185714285714,22.951428571428576,1.6971428571428573,45.324285714285715,0.6642857142857144,4.517857142857143,20.107142857142858,63.128571428571426,6.301428571428572,1.3435714285714284,329.5,3.0357142857142856,0.12964285714285714,6.414285714285714,271.2142857142857,0.33185714285714285,0.1989285714285714,1.910642857142857,0.012428571428571428,23.607142857142858,10.642857142857142,0.15857142857142856,0.02292857142857143,0.03371428571428571,0.06464285714285714,0.0,0.0,11.372857142857143,2.1542857142857144,0.0
75,Peas,"Peas, dry",262.2185714285714,22.951428571428576,1.6971428571428573,45.324285714285715,0.6642857142857144,4.517857142857143,20.107142857142858,63.128571428571426,6.301428571428572,1.3435714285714284,329.5,3.0357142857142856,0.12964285714285714,6.414285714285714,271.2142857142857,0.33185714285714285,0.1989285714285714,1.910642857142857,0.012428571428571428,23.607142857142858,10.642857142857142,0.15857142857142856,0.02292857142857143,0.03371428571428571,0.06464285714285714,0.0,0.0,11.372857142857143,2.1542857142857144,0.0
76,Garlic,Garlic,69.70214285714285,4.718142857142857,0.23242857142857146,14.598071428571428,9.489285714285716,0.7857142857142857,0.5,36.714285714285715,0.9928571428571428,0.41624999999999995,126.14285714285714,0.45357142857142857,0.10342857142857143,6.221428571428571,130.375,0.09071428557142858,0.05178571428571429,0.3060714285714286,0.14464285714285716,1.657142857142857,8.357142857142858,0.19085714285714284,0.012785714285714286,0.0015,0.03421428571428571,0.0,0.0,65.40814285714286,1.2425000000000002,0.9285714285714286
77,Watermelons,Watermelons,13.554999999999998,0.46904761907142856,0.13285714285714287,2.9892857324285713,5.028571428571429,26.479166666428572,0.4880952380714286,6.428571428571429,0.7802976192142858,0.028267857142857147,34.732142857142854,0.10214285714285716,0.007214285714285715,1.6214285714285714,25.857142857142858,0.027,0.022071428571428568,0.09539285714285715,0.008214285714285714,0.2928571428571428,1.3964285714285716,0.0027142857142857142,0.001142857142857143,0.0026428571428571434,0.0035714285714285718,0.0,0.0,86.58809521999999,0.19642857142857142,6.642857142857143
78,Anise; badian; fennel; coriander,"Anise, badian, fennel, coriander",320.84615384615387,14.596923076923078,13.228461538461541,43.13769230769231,9.646153846153847,18.307692307692307,6.3076923076923075,688.1538461538462,27.15615384615385,2.8538461538461535,1141.1538461538462,16.53076923076923,0.5773846153846154,56.92307692307692,389.3076923076923,0.3027692307692308,0.27892307692307694,2.6049230769230767,0.23076923076923078,168.56923076923078,193.84615384615384,1.2589230769230768,0.3239230769230769,4.187307692307693,1.010846153846154,0.0,0.0,9.195384615384615,5.696153846153847,0.0
79,Chick peas,Chick peas,216.77076923076922,19.443846153846156,5.033846153846154,35.88692307692308,1.4538461538461538,2.3076923076923075,57.15384615384615,115.38461538461539,5.8623076923076916,1.0607692307692307,248.92307692307693,1.7615384615384615,0.14123076923076922,7.7153846153846155,238.76923076923077,0.33438461538461534,0.14869230769230768,1.3554615384615387,0.04115384615384616,22.56153846153846,15.23076923076923,1.7319999999999998,0.09484615384615386,0.20976923076923076,0.40930769230769226,0.0,0.0,10.498461538461537,2.5115384615384615,0.0
80,Cow peas; dry,"Cow peas, dry",331.0,21.666992645833332,1.4796566666666668,56.28931260916667,0.6388507144166666,1.7939814814166664,201.51975370833335,96.59538818166665,7.085777045416667,2.796317666666667,581.75,7.0722222225,0.43436,19.33553454916667,338.36425469166664,0.5386294781666666,0.15337143075,2.2636223346666666,0.1476228235,24.724999999999998,101.44283333333334,0.21066666666666667,0.027583333333333335,0.008833333333333334,0.04516666666666667,0.0,0.0,11.664246031666666,2.3400797499999997,0.0
81,Strawberries,Strawberries,20.218333333333334,0.8725,0.3733333333333333,4.345,49.791666666666664,2.8888888889166666,2.0,19.5,0.86,0.023333333333333334,45.5,0.5083333333333334,0.004,0.9333333333333332,18.166666666666668,0.01783333333333333,0.030166666666666675,0.3546666666666667,0.003916666666666666,0.47500000000000003,1.0833333333333333,0.03216666666666667,0.002916666666666667,0.00775,0.022083333333333333,0.0,0.0,82.48416666666667,0.335,0.8333333333333334
82,Lupins,Lupins,30.916666666666668,29.567499999999995,11.916666666666666,3.3641666666666663,1.1500000000000001,0.08333333333333333,29.583333333333332,87.76916666666666,4.078333333333333,0.3958333333333333,84.41666666666667,1.575,0.08516666666666667,1.25,365.02500000000003,0.12000000000000001,0.18666666666666668,2.1574999999999998,0.029750000000000002,0.0,16.5,0.19849999999999998,0.09633333333333333,0.3283333333333333,0.20325000000000001,0.0,0.0,8.0675,3.1666666666666674,0.0
83,Peas; green,"Peas, green",35.0,7.856363636363636,0.35454545454545455,6.127272727272728,28.863636363636363,38.59090909090909,9.727272727272727,36.54545454545455,1.9436363636363632,0.36818181818181817,118.27272727272727,1.4818181818181815,0.03318181818181818,6.4363636363636365,122.18181818181819,0.27509090909090905,0.11109090909090909,1.5127272727272727,0.029909090909090906,4.163636363636363,8.272727272727273,0.05945454545454545,0.01636363636363636,0.008727272727272728,0.03872727272727273,0.0,0.0,70.82272727272726,1.0572727272727271,11.090909090909092
84,Walnuts; with shell,"Walnuts, with shell",383.09090909090907,15.68090909090909,58.61272727272728,8.962727272727271,1.8181818181818181,3.6,11.727272727272727,72.31818181818181,1.9981818181818183,1.2572727272727273,191.0,1.5,0.4496363636363636,1.4000000000000001,279.40909090909093,0.2525454545454546,0.18999999999999997,1.3995454545454544,0.10181818181818182,6.481818181818183,60.09090909090909,0.9372727272727274,1.3826363636363637,3.5068181818181823,11.146454545454544,0.0,0.0,8.402727272727274,1.8590909090909091,11.909090909090908
85,Persimmons,Persimmons,60.38099999999999,0.6289999999999999,0.162,15.219,19.75,26.625,0.8,17.9,0.5349999999999999,0.019,57.4,0.71,0.011300000000000001,0.38,14.3,0.017000000000000005,0.008,0.06000000000000001,0.01,0.76,0.9,0.0355,0.002,0.0037000000000000006,0.0043,0.0,0.0,77.151,0.31,3.4
86,Artichokes,Artichokes,22.2,2.617,0.175,4.641,6.62,15.7,6.8,83.3,1.3359999999999999,0.10300000000000001,102.7,0.74,0.023100000000000002,42.45,88.2,0.0792,0.0426,0.4096,0.0116,3.44,6.0,0.0256,0.0086,0.0015,0.0124,0.0,0.0,86.214,1.0230000000000001,6.0
87,Rye,Rye,115.44444444444444,9.182222222222222,1.4255555555555557,25.428888888888892,0.0,0.1111111111111111,4.222222222222222,23.0,2.147777777777778,0.29444444444444445,79.22222222222223,1.9888888888888892,0.04077777777777778,0.3333333333333333,261.6666666666667,0.2928888888888889,0.13344444444444445,1.3299999999999998,0.03266666666666666,3.3777777777777778,12.222222222222221,0.28633333333333333,0.02188888888888889,0.023111111111111114,0.08522222222222223,0.0,0.0,11.149999999999999,1.03,0.0
88,Pepper,Pepper (piper spp.),255.33333333333334,9.753888888888888,4.095555555555555,49.623333333333335,4.388888888888889,8.0,4.5,359.22222222222223,10.725000000000001,0.6505555555555556,310.3333333333333,10.844444444444443,0.49666666666666676,7.322222222222223,142.27777777777777,0.04538888888888889,0.09066666666666666,0.8329444444444445,0.0785,1.2555555555555555,68.27777777777777,2.3392222222222223,0.2242222222222222,0.16977777777777778,0.17933333333333332,0.0,0.0,19.37333333333333,2.9749999999999996,0.0
89,Almonds; with shell,"Almonds, with shell",396.9288888888889,18.853333333333335,45.47222222222222,12.037777777777778,5.777777777777778,0.0,4.888888888888889,188.77777777777777,2.0822222222222226,1.608888888888889,262.44444444444446,1.6111111111111112,0.22566666666666663,2.1444444444444444,268.1666666666667,0.1661111111111111,0.5964444444444444,1.7353333333333334,0.01522222222222222,5.788888888888889,71.44444444444444,0.4643333333333334,0.8779999999999999,7.5056666666666665,2.592111111111111,0.0,0.0,4.421111111111111,1.63,14.444444444444445
90,Maize; green,"Maize, green",52.77777777777778,3.4188888888888886,1.1166666666666665,11.211111111111112,6.455555555555556,7.666666666666667,4.666666666666667,9.577777777777778,1.08,0.2511111111111111,140.55555555555554,0.5333333333333333,0.006000000000000001,19.577777777777776,123.77777777777777,0.11722222222222221,0.065,1.11,0.010333333333333335,2.5555555555555554,8.555555555555555,0.018111111111111113,0.08166666666666668,0.13466666666666668,0.1907777777777778,0.0,0.0,60.60555555555556,0.5355555555555556,10.444444444444445
91,Okra,Okra,28.633333333333333,1.6401437036666668,0.13611111111111113,5.766401925888889,15.440833333333334,25.722222222222218,28.11111111111111,56.183796296666664,0.47055742222222224,0.18333333333333332,74.44444444444444,1.5,0.022111111111111113,5.955555555555555,29.366666666666667,0.052222222222222225,0.05333333333333334,0.5,0.04777777777777778,1.3666666666666667,7.777777777777778,0.08755555555555555,0.002888888888888889,0.001888888888888889,0.0030000000000000005,0.0,0.0,79.812,0.4242321481111111,3.6666666666666665
92,Taro (cocoyam),Taro (cocoyam),71.06888888888889,2.001265329222223,0.15555555555555556,15.896477661111113,4.322222222222222,4.430555555555555,10.88888888888889,35.369033333333334,0.9611111111111111,0.12639999999999998,171.09418106666666,1.1333333333333333,0.04133333333333333,7.2425090533333325,61.22222222222222,0.058333333333333334,0.028333333333333335,0.40222222222222226,0.05811111111111111,1.9222222222222223,9.224306584444443,0.04255555555555555,0.004555555555555555,0.0017777777777777779,0.009222222222222222,0.0,0.0,74.57680384111111,0.8121198354444444,3.3333333333333335
93,Cashew nuts; with shell,"Cashew nuts, with shell",483.75777777777773,18.374444444444443,42.086666666666666,21.494444444444444,1.088888888888889,4.222222222222222,7.888888888888889,31.333333333333332,4.70888888888889,2.296666666666667,144.55555555555554,1.4777777777777776,0.7052777777777778,30.811111111111114,313.6666666666667,0.4147777777777778,0.11866666666666667,0.8702222222222222,0.09672222222222222,0.0,100.88888888888889,0.29500000000000004,0.8647777777777778,2.6441111111111106,0.8716666666666666,0.0,0.0,9.943333333333333,1.7755555555555556,3.111111111111111
94,Sesameseed,Sesame seed,509.0,19.627777756666667,48.45666675111111,14.542222147777778,0.0,1.0,38.44444444444444,811.2222222222222,11.884444465555555,5.752222222222222,269.0,7.966666666666667,1.3313333333333333,30.61111111111111,467.3888888888889,0.7298888896666667,0.3244444442222222,3.6222222222222222,0.1322222222222222,2.8444444444444446,77.33333333333333,0.2711111111111111,1.7950000000000002,4.8471111111111105,5.232333333333333,0.0,0.0,4.672222232777777,3.0677777777777773,0.0
95,Cashewapple,Cashewapple,26.625,0.446875,0.20625000000000002,5.903124999999999,128.3333333375,22.541666666250002,0.0,5.25,0.428125,0.0,27.875,0.2,0.0,1.875,15.95833333375,0.01375,0.05375,0.31125,0.0,0.0,1.25,0.0,0.0,0.0,0.0,0.0,0.0,54.056250000000006,0.125,0.0
96,Nutmeg; mace; and cardamoms,"Nutmeg, mace and cardamoms",401.5,8.81375,19.93625,50.5325,5.625,5.64625,19.0,174.875,15.91375,1.7399999999999998,241.5,13.1,0.7346250000000001,14.25,145.75,0.22575,0.160875,0.843875,0.06875,194.85,127.125,4.425,4.51625,1.9075,0.6462499999999999,0.0,0.0,12.66,3.33125,0.0
97,Dates,Dates,124.25,1.7574999999999998,0.29375,31.85,5.9125,3.8854166662500003,7.375,41.5,1.6524999999999999,0.1525,301.75,3.0875,0.08600000000000001,1.0,80.375,0.051500000000000004,0.09075,1.4392500000000004,0.06675,2.025,15.125,0.06975,0.004,0.0045000000000000005,0.002375,0.0,0.0,37.79375,1.005,6.5
98,Pigeon peas,Pigeon peas,160.65625,20.22724625,1.6212499999999999,27.0811046875,1.075,4.572916666625,114.0,100.0,4.766249999999999,0.9344416249999999,521.75,5.3125,0.260168473875,6.375,213.595075,0.5207671037499999,0.1285279135,2.035625,0.069125,0.0,45.75,0.223875,0.0825,0.00275,0.19925,0.0,0.0,9.28775,3.3488990625,0.0
99,Pome fruit; nes,"Fruit, pome nes",61.375,0.7024999999999999,0.1925,15.39875,18.375,20.75,2.625,23.0,1.77125,0.2,83.0,1.375,0.038125000000000006,2.125,7.375,0.02225,0.024,0.183875,0.0165,1.7,4.125,0.021500000000000002,0.009000000000000001,0.022000000000000002,0.03125,0.0,0.0,83.30875,0.21000000000000002,12.625
100,Apricots,Apricots,35.285714285714285,1.0000000000000002,0.2557142857142857,8.131428571428572,5.728571428571429,91.44047618571429,1.2857142857142858,17.0,0.7942857142857144,0.09428571428571429,125.0,0.5857142857142856,0.011142857142857144,0.7571428571428571,20.428571428571427,0.02,0.09571428571428574,0.5571428571428572,0.007714285714285715,0.39999999999999997,1.4285714285714286,0.011,0.008142857142857143,0.04857142857142858,0.02242857142857143,0.0,0.0,85.60714285714286,0.5642857142857143,2.4285714285714284
101,Quinces,Quinces,24.142857142857142,0.3142857142857142,0.12857142857142856,6.214285714285714,9.700000000000001,3.142857142857143,0.42857142857142855,11.0,0.5599999999999999,0.005714285714285714,85.28571428571429,1.0,0.018571428571428572,1.5714285714285714,21.285714285714285,0.02142857142857143,0.03428571428571429,0.30142857142857143,0.005714285714285714,0.0,1.1428571428571428,0.0,0.002857142857142857,0.010857142857142859,0.014285714285714287,0.0,0.0,84.28571428571429,0.42857142857142855,9.571428571428571
102,Fonio,Fonio,347.42857142857144,8.110649523857143,1.6446617018571428,74.01428571428572,0.0,0.015234345,12.458770150000001,26.525714285714287,6.450496256428571,1.0453953082857144,122.13823867142857,2.4343502480000003,0.18806564342857143,4.110444340571428,170.25714285714284,0.15359926728571427,0.08823620442857143,1.2090358051428571,0.3148568297142857,0.0,140.7099309,0.0,0.0,0.0,0.0,0.0,0.0,11.025000000000002,0.7878214285714288,0.0
103,Rape and Mustard Oil,Rapeseed,895.2857142857143,0.0,99.98571428571428,0.0,0.0,0.0,0.0,1.2857142857142858,0.5285714285714286,0.07714285714285715,0.0,0.0,0.0,1.0,0.0,0.0,0.0,0.0,0.0,0.028571428571428574,0.0,0.0,3.5781428571428573,25.351857142857146,11.896,0.0,0.0,0.014285714285714287,0.0,0.0
104,Rape and Mustard Oil,Oilseeds nes,895.2857142857143,0.0,99.98571428571428,0.0,0.0,0.0,0.0,1.2857142857142858,0.5285714285714286,0.07714285714285715,0.0,0.0,0.0,1.0,0.0,0.0,0.0,0.0,0.0,0.028571428571428574,0.0,0.0,3.5781428571428573,25.351857142857146,11.896,0.0,0.0,0.014285714285714287,0.0,0.0
105,Rape and Mustard Oil,Castor oil seed,895.2857142857143,0.0,99.98571428571428,0.0,0.0,0.0,0.0,1.2857142857142858,0.5285714285714286,0.07714285714285715,0.0,0.0,0.0,1.0,0.0,0.0,0.0,0.0,0.0,0.028571428571428574,0.0,0.0,3.5781428571428573,25.351857142857146,11.896,0.0,0.0,0.014285714285714287,0.0,0.0
106,Rape and Mustard Oil,Mustard seed,895.2857142857143,0.0,99.98571428571428,0.0,0.0,0.0,0.0,1.2857142857142858,0.5285714285714286,0.07714285714285715,0.0,0.0,0.0,1.0,0.0,0.0,0.0,0.0,0.0,0.028571428571428574,0.0,0.0,3.5781428571428573,25.351857142857146,11.896,0.0,0.0,0.014285714285714287,0.0,0.0
107,Cottonseed Oil,Seed cotton,769.0,0.0,85.68571428571428,0.014285714285714287,0.0,0.0,0.0,2.4285714285714284,0.2857142857142857,0.10571428571428572,0.0,0.0,0.0,0.6428571428571429,0.0,0.0,0.0,0.0,0.0,0.028571428571428574,0.0,0.0,7.3428571428571425,5.335714285714286,14.992857142857142,0.0,0.0,0.014285714285714287,0.0,0.0
108,Asparagus,Asparagus,11.571428571428571,2.1571428571428575,0.20285714285714287,1.74,18.585714285714285,22.285714285714285,7.428571428571429,21.0,1.0914285714285714,0.3071428571428571,123.85714285714286,1.042857142857143,0.04271428571428571,3.3000000000000003,71.85714285714286,0.10614285714285716,0.10871428571428574,0.6425714285714286,0.013,2.2857142857142856,2.0,0.022571428571428572,0.012857142857142857,0.0014285714285714286,0.02,0.0,0.0,92.83142857142856,0.4685714285714285,6.714285714285714
109,Hazelnuts; with shell,"Hazelnuts, with shell",296.1666666666667,15.608333333333334,55.074999999999996,10.450000000000001,1.2166666666666666,4.666666666666667,18.833333333333332,126.5,3.1333333333333333,1.3800000000000001,333.6666666666667,2.55,0.28750000000000003,4.283333333333333,159.33333333333334,0.3738333333333334,0.20550000000000002,1.9666666666666668,0.09383333333333332,7.6000000000000005,27.166666666666668,1.0291666666666666,1.244,8.942,7.153333333333333,0.0,0.0,6.201666666666668,1.765,19.5
110,Cherries,Cherries,22.793333333333333,1.0883333333333332,0.17333333333333334,5.206666666666667,10.433333333333334,14.833333333333334,0.6666666666666666,23.0,0.4233333333333333,0.011666666666666667,82.83333333333333,0.35000000000000003,0.01,0.5,19.5,0.017833333333333336,0.023833333333333335,0.5756666666666667,0.008166666666666668,1.0166666666666666,1.8333333333333333,0.011666666666666667,0.006333333333333333,0.007833333333333333,0.008666666666666668,0.0,0.0,82.375,0.68,1.3333333333333333
111,Bambara beans,Bambara beans,341.6666666666667,17.738458596666668,5.629522250000001,54.13397611166667,0.6666666666666666,0.4166666666666667,0.0,49.310722856666665,4.42682,1.8552333341666667,836.6666666666666,0.7999999999999999,0.5395494628333334,18.827288463333332,258.07683733333334,0.33482029799999996,0.16569686250000001,2.049113161333333,0.0,0.0,126.66196931666666,0.0,0.0,0.0,0.0,0.0,0.0,17.010185185166666,2.3948912963333338,4.166666666666667
112,Stone fruit; nes,"Fruit, stone nes",48.333333333333336,1.0216666666666667,0.29,11.803333333333335,8.083333333333334,35.5,5.833333333333333,10.0,0.295,0.135,200.33333333333334,1.7166666666666668,0.0755,0.6666666666666666,20.166666666666668,0.028833333333333332,0.03283333333333333,0.5836666666666667,0.03766666666666667,4.866666666666666,9.166666666666666,0.071,0.03233333333333333,0.09800000000000002,0.07699999999999999,0.0,0.0,86.40333333333335,0.48500000000000004,7.333333333333333
113,Pistachios,Pistachios,402.8333333333333,20.228333333333335,52.181666666666665,14.185,0.9333333333333332,26.5,8.5,80.66666666666667,3.936666666666666,0.8850000000000001,332.8333333333333,3.4166666666666665,0.21666666666666667,126.23333333333333,237.16666666666666,0.49833333333333335,0.043333333333333335,0.7833333333333333,0.2833333333333333,0.0,20.166666666666668,0.19999999999999998,1.7593333333333334,9.803333333333333,3.957333333333333,0.0,0.0,4.068333333333333,1.6516666666666666,7.833333333333333
114,Sunflowerseed,Sunflower seed,463.2733333333333,19.206666666666667,43.623333333333335,24.911666666666665,0.39999999999999997,1.3333333333333333,37.833333333333336,96.33333333333333,3.5416666666666665,0.9166666666666666,260.8333333333333,5.916666666666667,0.3,7.333333333333333,339.1666666666667,1.0383333333333333,0.15083333333333335,3.4058333333333337,0.22416666666666665,9.183333333333334,54.166666666666664,0.325,1.5758333333333334,4.588,11.022833333333333,0.0,0.0,5.148333333333333,2.3183333333333334,7.666666666666667
115,Kiwi fruit,Kiwi fruit,40.88833333333333,1.055,0.6750000000000002,9.163333333333334,75.64999999999999,8.0,4.166666666666667,26.683333333333334,0.48333333333333334,0.16333333333333333,221.9,0.8333333333333334,0.04616666666666667,3.6833333333333336,29.616666666666664,0.020166666666666666,0.023500000000000004,0.18683333333333332,0.02,2.1333333333333333,5.166666666666667,0.026,0.03133333333333333,0.030500000000000003,0.11566666666666665,0.0,0.0,82.57499999999999,0.5316666666666666,8.333333333333334
116,Ginger,Ginger,194.66666666666666,4.881666661333333,2.1025000053333334,40.727154778333336,2.785,2.0,10.089046833333333,71.12045592833333,4.5924741375,0.9046242335,602.0,4.919358236333333,0.27805414733333333,16.392495203333336,73.12909001666667,0.07183333316666667,0.13066666733333332,3.923334518166667,0.233193793,6.866666666666667,73.34953541666667,5.55,0.43316666666666664,0.07983333333333333,0.15483333333333335,0.0,0.0,46.54472221166666,1.8579314409999999,0.0
117,Cinnamon (canella),Cinnamon (canella),227.2,2.8770000000000002,1.232,53.337,1.52,5.95,2.4,549.6,5.788,0.732,198.8,21.240000000000002,0.1356,5.0,34.2,0.022800000000000004,0.2144,0.6726,0.0632,2.2,24.0,3.4931999999999994,0.06899999999999999,0.04920000000000001,0.013600000000000001,0.0,0.0,11.514000000000001,2.82,0.0
118,Brazil nuts; with shell,"Brazil nuts, with shell",261.4,15.05,68.02000000000001,4.188,0.68,0.0,4.4,130.76600000000002,2.048,0.8119999999999999,131.8,1.5,0.3486,0.6,608.976,0.4694,0.06100000000000001,1.5390000000000001,0.0202,5.76,75.2,0.24459999999999998,3.2268,4.7758,4.8798,0.0,0.0,3.19,3.072,9.8
119,Citrus; Other,"Fruit, citrus nes",25.8,0.876,0.252,5.92,35.3,15.4,3.4,36.8,0.45199999999999996,0.076,37.2,1.3,0.019,2.6,7.2,0.06539999999999999,0.064,0.1258,0.007200000000000001,1.6800000000000002,4.0,0.027000000000000003,0.0206,0.0308,0.0342,0.0,0.0,66.97,0.304,1.4
120,Citrus; Other,"Citrus Fruit,Total",25.8,0.876,0.252,5.92,35.3,15.4,3.4,36.8,0.45199999999999996,0.076,37.2,1.3,0.019,2.6,7.2,0.06539999999999999,0.064,0.1258,0.007200000000000001,1.6800000000000002,4.0,0.027000000000000003,0.0206,0.0308,0.0342,0.0,0.0,66.97,0.304,1.4
121,Cocoa Beans,"Cocoa, beans",45.6,16.136000000000003,41.352,11.58,0.0,3.34,6.4,107.25999999999999,5.074,1.3619999999999999,802.8,7.4,0.7576,6.6,234.594,0.1356,0.1582,1.4769999999999999,0.023600000000000003,2.4,99.8,0.7674,18.413999999999998,12.714,0.688,0.0,0.0,3.88,3.978,0.0
122,Gooseberries,Gooseberries,58.25,1.0950000000000002,0.645,13.145,74.675,3.75,1.5,20.5,0.5525,0.06,49.5,1.7999999999999998,0.0175,0.5,17.5,0.025,0.015,0.275,0.02,0.0,2.5,0.036000000000000004,0.0095,0.01275,0.07925,0.0,0.0,84.51750000000001,0.2225,1.5
123,Coffee,"Coffee, green",92.64125,11.30445,14.917825,18.1,0.75,3.0,8.6575,77.2825,2.5914125,0.265325,1112.9212499999999,0.0,0.1032825,17.7825,213.17375,0.1079775,0.374735,8.31597875,0.011641249999999999,10.767249999999999,93.42375,0.09524875,0.0082825,0.06211875,0.00414125,0.0,0.0,5.2525,5.7969375,0.0
124,Yautia (cocoyam),Yautia (cocoyam),91.0,2.49011814175,0.250976275,20.760953,6.55,0.25,9.75,15.161040207500001,1.3699999999999999,0.22,263.626183325,1.65,0.104943125,7.1195045595,52.9981201475,0.09175,0.0325,0.54175,0.11925,0.0,9.287761805,0.04650000000000001,0.0305,0.005,0.02,0.0,0.0,67.2866666675,1.03628591675,11.5
125,Olives,Olives,49.0,0.9524999999999999,15.8125,2.9675000000000002,0.6,31.0,0.0,76.0,2.6799999999999997,0.11,4.25,1.425,0.11925,367.5,16.5,0.0165,0.0575,0.21475000000000002,0.00525,4.225,2.0,0.01,0.581,3.23975,0.37424999999999997,0.0,0.0,74.4075,2.8375,0.0
126,Currants,Currants,125.25,1.8000000000000003,0.2525,29.895,101.0,3.5,2.0,68.25,3.01,0.1925,149.25,1.325,0.04825,1.25,53.25,0.035,0.037500000000000006,0.1,0.034,1.9,9.25,0.11050000000000001,0.012750000000000001,0.0215,0.06675,0.0,0.0,66.47749999999999,0.88,1.0
127,Cloves,Cloves,179.75,3.2424999999999997,7.0,33.8825,0.05,2.0,6.25,420.5,6.4575,0.58,255.0,10.725,0.092,69.25,61.0,0.0395,0.055,0.39,0.09775,9.35,64.75,15.031749999999999,0.988,0.34825,0.9015000000000001,0.0,0.0,24.9675,3.1574999999999998,0.0
128,Buckwheat,Buckwheat,329.75,10.6375,2.7,68.9,0.0,0.75,7.5,42.0,7.075,2.0100000000000002,205.5,4.65,0.3175,6.05,175.5,0.40025,0.28375,2.855,0.0525,0.0,114.5,0.325,0.18525,0.26,0.25975000000000004,0.0,0.0,13.337499999999999,1.1,0.0
129,Leguminous vegetables; nes,"Vegetables, leguminous nes",76.75,7.055,1.8825000000000003,10.2075,12.925,17.25,37.0,57.75,1.9625000000000001,0.9975,83.0,1.875,0.1005,9.975,32.25,0.09075,0.125,0.56225,0.026000000000000002,0.0,8.25,0.16524999999999998,0.029500000000000002,0.026000000000000002,0.0855,0.0,0.0,79.82499999999999,0.28,0.75
130,Cassava leaves,Cassava leaves,84.33333333333333,6.946982166666667,0.8666666666666667,12.433333333333332,187.0,530.2791666666667,39.333333333333336,245.71428570000003,4.8999999999999995,0.22999999999999998,211.0,2.8666666666666667,0.05333333333333334,8.666666666666666,91.93333333333334,0.22999999999999998,0.502500002,1.9766666666666666,0.09999999999999999,0.0,19.333333333333332,0.0,0.0,0.0,0.0,0.0,0.0,75.32000000000001,1.0124136666666665,0.0
131,Sugar Cane,Sugar cane,282.6666666666667,0.19999999999999998,0.03333333333333333,72.09333333333333,1.0,0.0,0.0,7.0,0.6066666666666666,0.013333333333333334,10.333333333333334,1.0333333333333334,0.005333333333333333,1.3333333333333333,2.3333333333333335,0.006666666666666667,0.009666666666666665,0.03333333333333333,0.0,0.0,0.6666666666666666,0.016666666666666666,0.0,0.0,0.0,0.0,0.0,27.516666666666666,0.060000000000000005,18.333333333333332
132,Chestnuts,Chestnut,262.0,5.096666666666667,2.9166666666666665,52.07,17.666666666666668,10.666666666666666,36.333333333333336,37.333333333333336,1.6600000000000001,0.30666666666666664,435.6666666666667,8.200000000000001,0.21666666666666667,18.633333333333333,84.33333333333333,0.21166666666666667,0.20666666666666667,0.7166666666666667,0.22099999999999997,0.0,24.666666666666668,0.43333333333333335,0.279,0.5116666666666666,0.586,0.0,0.0,33.95,1.3666666666666665,6.666666666666667
133,Sour cherries,"Cherries, sour",47.333333333333336,1.0999999999999999,0.26666666666666666,11.126666666666665,6.666666666666667,33.0,2.6666666666666665,13.666666666666666,0.4066666666666667,0.11,57.666666666666664,0.8000000000000002,0.03466666666666667,3.6666666666666665,11.0,0.016666666666666666,0.02,0.13333333333333333,0.014666666666666668,2.033333333333333,3.0,0.03733333333333333,0.02266666666666667,0.02733333333333333,0.03,0.0,0.0,87.00999999999999,0.13333333333333333,7.333333333333333
134,Raspberries,Raspberries,54.0,1.1,0.625,11.82,28.1,1.0,10.5,32.5,1.4949999999999999,0.21,75.5,3.75,0.045,0.5,69.5,0.016,0.019,0.7989999999999999,0.0275,6.15,11.0,0.335,0.0095,0.032,0.1875,0.0,0.0,85.275,0.68,2.0
135,Tea,Tea,3.115625,3.75,0.45,0.9346875,22.5,0.0,15.578125,167.5,9.3123125,0.0623125,115.278125,0.0,0.03115625,9.346875,98.615625,0.055,0.21861874999999997,1.0,0.0,1.24625,9.346875,0.682321875,0.00623125,0.003115625,0.0124625,0.0,0.0,16.0,4.424625,0.0
136,Cottonseed,Cottonseed,471.5,26.395000000000003,28.744999999999997,34.25,4.5,11.0,116.5,129.0,2.7,3.0,675.0,12.0,0.6,12.5,812.0,0.375,0.1275,1.5,0.391,0.0,220.0,1.0905,4.8495,3.4595,9.033999999999999,0.0,0.0,6.325,2.29,0.0
137,Vetches,Vetches,203.0,15.700000000000001,1.1,35.4,0.0,0.0,0.0,203.5,4.65,0.0,0.0,1.0,0.0,0.0,120.0,0.075,0.05,1.35,0.0,0.0,0.0,0.0,0.0,0.0,0.0,0.0,0.0,45.55,0.0,0.0
138,Areca nuts,Areca nuts,249.0,5.0,4.0,47.0,0.0,0.0,0.0,50.0,1.0,1.0,0.0,11.0,1.0,0.0,130.0,0.0,0.0,0.0,0.0,0.0,66.0,1.0,0.0,0.0,0.0,0.0,0.0,31.0,1.0,0.0
139,Cranberries,Cranberries,46.0,0.39,0.13,12.2,13.3,3.0,1.0,8.0,0.25,0.1,85.0,4.6,0.061,2.0,13.0,0.012,0.02,0.10099999999999999,0.057,5.5,6.0,0.36,0.011000000000000001,0.018000000000000002,0.055,0.0,0.0,87.13,0.15,2.0
140,Blueberries,Blueberries,57.0,0.74,0.33,14.49,9.7,3.0,6.0,6.0,0.28,0.16,77.0,2.4,0.057,1.0,12.0,0.037000000000000005,0.040999999999999995,0.418,0.052000000000000005,6.0,6.0,0.336,0.027999999999999997,0.047,0.146,0.0,0.0,84.21,0.24,5.0
141,Palmkernels,Palm kernels,609.0,6.1,55.3,19.6,0.0,0.0,0.0,91.0,9.0,2.3738,270.4345,0.0,1.49345,0.0,239.4516667,0.0,0.0,0.0,0.0,0.0,232.0675,0.0,0.0,0.0,0.0,0.0,0.0,13.5,1.4981,0.0
142,Vanilla,Vanilla,288.0,0.06,0.06,12.65,0.0,0.0,0.0,11.0,0.12,0.11,148.0,0.0,0.07200000000000001,9.0,6.0,0.011000000000000001,0.095,0.425,0.026000000000000002,0.0,12.0,0.23,0.01,0.01,0.004,0.0,0.0,52.58,0.26,0.0
143,Triticale,Triticale,336.0,13.05,2.09,72.13,0.0,0.0,73.0,37.0,2.57,3.45,332.0,0.0,0.457,5.0,358.0,0.41600000000000004,0.134,1.43,0.138,0.0,130.0,3.21,0.366,0.21100000000000002,0.9129999999999999,0.0,0.0,10.51,2.23,0.0
144,Chicory roots,Chicory roots,72.0,1.4,0.2,17.51,5.0,0.0,23.0,41.0,0.8,0.33,290.0,1.5,0.077,50.0,61.0,0.04,0.03,0.4,0.24100000000000002,0.0,22.0,0.233,0.048,0.004,0.087,0.0,0.0,80.0,0.89,18.0
